{
  "test/integration/opaTests.qunit.html": 1747326208609,
  "manifest.json": 1747392916294,
  "test/integration/pages/RisksList.js": 1747326208705,
  "test/integration/opaTests.qunit.js": 1747326208609,
  "test/integration/FirstJourney.js": 1747326208725,
  "test/testsuite.qunit.js": 1747326208577,
  "xs-app.json": 1747392916294,
  "test/integration/pages/RisksObjectPage.js": 1747326208705,
  "Component.js": 1747326208285,
  "test/integration/opaTests.qunit-dbg.js": 1747326208609,
  "test/integration/opaTests.qunit.js.map": 1747398838193,
  "test/integration/pages/RisksList-dbg.js": 1747326208705,
  "test/integration/pages/RisksList.js.map": 1747398838192,
  "test/integration/FirstJourney-dbg.js": 1747326208725,
  "test/integration/FirstJourney.js.map": 1747398838195,
  "test/testsuite.qunit-dbg.js": 1747326208577,
  "test/testsuite.qunit.js.map": 1747398838198,
  "test/integration/pages/RisksObjectPage-dbg.js": 1747326208705,
  "test/integration/pages/RisksObjectPage.js.map": 1747398838193,
  "Component-dbg.js": 1747326208285,
  "Component.js.map": 1747398838195,
  "Component-preload.js": 1747398838288,
  "Component-preload.js.map": 1747398838288,
  "i18n/i18n.properties": 1747398795221,
  "test/testsuite.qunit.html": 1747326208505,
  "test/flpSandbox.html": 1747326208505,
  "index.html": 1747326208297
}